idaccounttype,accountType,comission,overdraft,interestRate
1,"Unpaid account",0.120000,2000.000000,0.000000
2,"Unpaid account",0.120000,2000.000000,0.000000
3,"Unpaid account",0.120000,2000.000000,0.000000
4,"Unpaid account",0.120000,2000.000000,0.000000
5,"Unpaid account",0.120000,2000.000000,0.000000
6,"Unpaid account",0.120000,2000.000000,0.000000
7,"Unpaid account",0.120000,2000.000000,0.000000
